Date,Account,StockTicker,CUSIP,SecurityName,Shares,Price,MarketValue,Weightings,NetAssets,SharesOutstanding,CreationUnits
10/01/2026,SPRE,WELL,95040Q104,Welltower Inc,114291,230.24,26314359.84,13.25%,198592382.5,10475000,419.0
10/01/2026,SPRE,EQIX,29444U700,Equinix Inc,25808,1011.58,26106856.64,13.15%,198592382.5,10475000,419.0
10/01/2026,SPRE,GMG AU,B03FYZ4,Goodman Group,1376298,27.18,26024613.64,13.10%,198592382.5,10475000,419.0
10/01/2026,SPRE,WY,962166104,Weyerhaeuser Co,1062383,19.05,20238396.15,10.19%,198592382.5,10475000,419.0
10/01/2026,SPRE,CHC AU,B15F6S6,Charter Hall Group,763326,18.86,10015533.85,5.04%,198592382.5,10475000,419.0
10/01/2026,SPRE,EGP,277276101,EastGroup Properties Inc,49631,197.45,9799640.95,4.93%,198592382.5,10475000,419.0
10/01/2026,SPRE,JAN,471024109,Janus Living Inc,328176,29.63,9723854.88,4.90%,198592382.5,10475000,419.0
10/01/2026,SPRE,TRNO,88146M101,Terreno Realty Corp,150736,64.55,9730008.8,4.90%,198592382.5,10475000,419.0
10/01/2026,SPRE,SUI,866674104,Sun Communities Inc,87262,110.78,9666884.36,4.87%,198592382.5,10475000,419.0
10/01/2026,SPRE,ELS,29472R108,Equity LifeStyle Properties Inc,163264,58.33,9523189.12,4.80%,198592382.5,10475000,419.0
10/01/2026,SPRE,IGBREIT MK,B89JCF2,IGB Real Estate Investment Trust,11308103,2.83,7843226.19,3.95%,198592382.5,10475000,419.0
10/01/2026,SPRE,FRMI,314911108,Fermi Inc,1666266,4.21,7014979.86,3.53%,198592382.5,10475000,419.0
10/01/2026,SPRE,KLCCSS MK,B92NSW7,KLCCP Stapled Group,2827663,8.52,5904536.24,2.97%,198592382.5,10475000,419.0
10/01/2026,SPRE,MYR,CASHMYR,MALAYSIAN RINGGIT,20321559,1.0,4980530.19,2.51%,198592382.5,10475000,419.0
10/01/2026,SPRE,RCR PM,BLFMKR4,RL Commercial REIT Inc,48331469,6.15,4744808.59,2.39%,198592382.5,10475000,419.0
10/01/2026,SPRE,AXRB MK,B0CMCL8,Axis Real Estate Investment Trust,10219497,1.81,4533427.18,2.28%,198592382.5,10475000,419.0
10/01/2026,SPRE,DUBAIRES UH,BSTQTQ3,Dubai Residential REIT,11316167,1.28,3943720.48,1.99%,198592382.5,10475000,419.0
10/01/2026,SPRE,PEKGY TI,BDT8SW3,Peker Gayrimenkul Yatirim Ortakligi AS,26386822,3.7,1991783.29,1.00%,198592382.5,10475000,419.0
10/01/2026,SPRE,IMPACT TB,BRCFFZ1,IMPACT Growth Real Estate Investment Trust,3609401,13.1,1409228.91,0.71%,198592382.5,10475000,419.0
10/01/2026,SPRE,SITC,82981J851,SITE Centers Corp,304491,3.37,1026134.67,0.52%,198592382.5,10475000,419.0
10/01/2026,SPRE,INETREIT TB,BNNSJB5,INET Freehold and Leasehold Real Estate Investment Trust,2086244,13.2,820756.15,0.41%,198592382.5,10475000,419.0
10/01/2026,SPRE,CREIT PM,BM8GQ50,Citicore Energy REIT Corp,14423519,2.89,665399.79,0.34%,198592382.5,10475000,419.0
10/01/2026,SPRE,AVPGY TI,BNDY4W9,Avrupakent Gayrimenkul Yatirim Ortakligi AS,510636,48.18,501916.53,0.25%,198592382.5,10475000,419.0
10/01/2026,SPRE,PAGYO TI,BB2C7C1,Panora Gayrimenkul Yatirim Ortakligi,191829,121.9,477058.06,0.24%,198592382.5,10475000,419.0
10/01/2026,SPRE,AED,CASHAED,UAE DIRHAM,-1003,1.0,-273.21,0.00%,198592382.5,10475000,419.0
10/01/2026,SPRE,SGD,CASHSGD,SINGAPORE DOLLAR,4971,1.0,3892.13,0.00%,198592382.5,10475000,419.0
10/01/2026,SPRE,THB,CASHTHB,THAI BAHT,-19023,1.0,-566.98,0.00%,198592382.5,10475000,419.0
10/01/2026,SPRE,AUD,CASHAUD,AUSTRALIAN DOLLAR,-51206,1.0,-35623.77,-0.02%,198592382.5,10475000,419.0
10/01/2026,SPRE,PHP,CASHPHP,PHILIPPINE PESO,-10787866,1.0,-172206.34,-0.09%,198592382.5,10475000,419.0
10/01/2026,SPRE,Cash&Other,Cash&Other,Cash & Other,-4206403,1.0,-4206403.0,-2.12%,198592382.5,10475000,419.0

